Product Category,Product_Code
ADDITIVE,01_688609
ADDITIVE,01_696265
ADDITIVE,01_835984
ADDITIVE,01_836032
ADDITIVE,01_869259
ADDITIVE,01_881490
ADDITIVE,01_886112
ADDITIVE,01_888292
ADDITIVE,01_889790
ADDITIVE,01_889836
ADDITIVE,01_890682
ADDITIVE,01_892632
ADDITIVE,01_892883
ADDITIVE,01_893197
ADDITIVE,01_896043
ADDITIVE,01_897990
ADDITIVE,01_898728
ADDITIVE,01_900565
ADDITIVE,01_903454
ADDITIVE,01_903456
ADDITIVE,01_906123
ADDITIVE,01_912917
BASE OIL,01_100923
BASE OIL,01_3533
BASE OIL,01_505000
BASE OIL,01_52198
BASE OIL,01_644495
BASE OIL,01_68071
BASE OIL,01_68607
BASE OIL,01_68700
BASE OIL,01_68758
BASE OIL,01_795592
BASE OIL,01_84692
BASE OIL,01_893702
BASE OIL,01_896568
BASE OIL,01_899250
BASE OIL,01_899272
BASE OIL,01_907176
BASE OIL,01_907228
BASE OIL,01_907744
VM,01_306806
VM,01_885962
VM,01_890183
Voscosity Modifier,01_123098
Voscosity Modifier,01_888350
Voscosity Modifier,01_890971
